<?xml version="1.0" encoding="UTF-8"?>
<project-private xmlns="http://www.netbeans.org/ns/project-private/1">
    <editor-bookmarks xmlns="http://www.netbeans.org/ns/editor-bookmarks/2" lastBookmarkId="0"/>
    <open-files xmlns="http://www.netbeans.org/ns/projectui-open-files/2">
        <group>
            <file>file:/C:/Users/0030482321020/Documents/NetBeansProjects/prjPOOJoaoPedroMiguel/src/fatec/poo/model/Registro.java</file>
            <file>file:/C:/Users/0030482321020/Documents/NetBeansProjects/prjPOOJoaoPedroMiguel/src/fatec/poo/model/ServicoQuarto.java</file>
            <file>file:/C:/Users/0030482321020/Documents/NetBeansProjects/prjPOOJoaoPedroMiguel/src/fatec/poo/model/Recepcionista.java</file>
            <file>file:/C:/Users/0030482321020/Documents/NetBeansProjects/prjPOOJoaoPedroMiguel/src/fatec/poo/model/Hospede.java</file>
            <file>file:/C:/Users/0030482321020/Documents/NetBeansProjects/prjPOOJoaoPedroMiguel/src/Aplic.java</file>
        </group>
    </open-files>
</project-private>
